id,name,image
110,Dean Oliver Barrow,http://nationalassembly.gov.bz/images/house_of_rep/d_barrow.jpg
111,Gaspar Vega,http://nationalassembly.gov.bz/images/house_of_rep/g_vega.jpg
112,Erwin Rafael Contreras,http://nationalassembly.gov.bz/images/house_of_rep/e_contreras.jpg
113,Michael Kwame Finnegan,http://nationalassembly.gov.bz/images/house_of_rep/m_finnegan.jpg
115,Jose Manuel Heredia Jr.,http://nationalassembly.gov.bz/images/house_of_rep/m_heredia.jpg
116,Anthony Martinez,http://nationalassembly.gov.bz/images/house_of_rep/a_martinez.jpg
117,Joseph Mahmud,http://nationalassembly.gov.bz/images/house_of_rep/j_mahmud.jpg
118,Wilfred Peter Elrington,http://nationalassembly.gov.bz/images/house_of_rep/w_elrington.jpg
119,Ivan Micahel Ramos,http://nationalassembly.gov.bz/images/house_of_rep/ivan%20ramos.jpg
121,Jose Abelardo Mai,http://nationalassembly.gov.bz/images/house_of_rep/j_mai.jpg
123,Dr. Marco Tulio Mendez,http://nationalassembly.gov.bz/images/house_of_rep/marco%20tulio.jpg
124,Rene Montero,http://nationalassembly.gov.bz/images/house_of_rep/r_montero.jpg
126,Edmond George Castro,http://nationalassembly.gov.bz/images/house_of_rep/e_castro.jpg
129,Elvin Penner,http://nationalassembly.gov.bz/images/house_of_rep/e_penner.jpg
130,Ramiro Ramirez,http://nationalassembly.gov.bz/images/house_of_rep/r_ramirez.jpg
134,Julius Espat,http://nationalassembly.gov.bz/images/house_of_rep/j_espat.jpg
135,John Brice√±o,http://nationalassembly.gov.bz/images/house_of_rep/j_briceno.jpg
136,Rodwell Stephen Ferguson Sr.,http://nationalassembly.gov.bz/images/house_of_rep/rodwell_ferguson.png
137,Michael Joseph Espat,http://nationalassembly.gov.bz/images/house_of_rep/michael_espat.png.png
138,Said Wilbert Musa,http://nationalassembly.gov.bz/images/house_of_rep/s_musa.jpg
139,Francis Fonseca,http://nationalassembly.gov.bz/images/house_of_rep/f_fonseca.jpg
140,Florencio Julian Marin Jr.,http://nationalassembly.gov.bz/images/house_of_rep/f_marin.jpg
211,Santino Castillo,http://nationalassembly.gov.bz/images/house_of_rep/santi_castillo2.jpg
212,Hugo Amilcar Patt,http://nationalassembly.gov.bz/images/house_of_rep/hugo_patt.jpg
213,Mark Anthony King,http://nationalassembly.gov.bz/images/house_of_rep/mark_king.jpg
214,Herman R. Longsworth,http://nationalassembly.gov.bz/images/house_of_rep/herman_longsworth.jpg
d_balderamos.jpg,Dolores Balderamos Garcia,http://nationalassembly.gov.bz/images/past_senate/d_balderamos.jpg
