id,uuid
m._abiguime_petik-abalo,5c2f1a6e-6cbb-4d1e-b83a-db4de124fddb
m._abolu_yawo_afelete,d576bee9-848b-4d6c-8048-79def0dffbc2
mme._adjamagbo_ayélo_okpé,1dab4f34-7b73-4d7e-b516-c1a99e22552b
m._adjor_akofi,33c2098b-0555-456a-9d00-6049b826d72c
m._afo_aledjou_mawé,128bff8a-6062-44f1-b754-1381c793e9c8
m._agbo_kokou,cc828d68-466f-4c75-981c-ab2f4aed3293
m._agbo_komlan,aaeb0389-9058-4385-878f-0eb9d4d5c323
mme._agbokou_kossiwa_m._f.,62712dce-cf36-408f-b4c2-d6a63adc72d7
m._alonou_kokou,8f5dc0e3-1ce2-4504-afcf-6497c287307e
mme_amedjogbe_akossiwa_olivia,9f72d8ee-5013-4b0c-bbbe-ac85acc98ffb
mme_ameganvi_m.isabelle_d.,19ef806c-cdc4-420c-9204-f0bfc0e02721
mme_amenyo_afi_ntifa,cd393911-7fef-4a55-8dee-2c8ec502a755
m._ametodji_yawovi,3838748b-5733-4dc8-8f50-7ef0f9c942c0
m._amouzou_kodjovi,1028b507-de09-424f-9649-e20df7609a7c
m._apekey_assewouwokan,bdf4c911-99ee-4133-a1ce-722165a32987
m._apevon_kokou_dodji,ea86e52d-9813-457c-af1d-b5aaeb07e066
m._apezouke_jean-marie,75020ea7-5b29-4ab2-a89e-4f8f72dfd66c
m._arzouma_natchadja,861fce6b-bb23-47a6-8586-07b9e918bfac
mme_arzouma_pomong_wuinekouma,96131c37-f099-4b15-805b-c8a484abbbd1
m._assouma_derman,df1ad960-3443-41c3-98f5-cdc3051108b7
m._atakpamey_kodjo,771133f1-035b-4c31-981e-9e4c8f2aa156
m._atchi_n’bouké_yao,5f401570-c557-4a81-94ca-fd4d03f85382
m._awate_simala,941781b1-9bc3-4a3c-bc49-933956bab7ce
m._bankati_bolagbédé,9b6386e1-b52a-4fd4-88ca-ffc325030a07
m._baritse_dametoti,9a7b391f-ac27-442c-97ab-98f0f94ff04f
m._beguem_nakodja,2ed0112f-4b0d-4ed2-8e9d-1e56f7dcc7f2
m._boini_taaka,50d12269-0fc1-46d4-8569-067596b72610
m._bouwassi_kédessa_datcha,e03e15c9-98f4-4850-b7c2-bb10c9649fb6
mme_dagban_ayawavi_djigbodi,8590d69d-8179-4257-b1cd-3cb2140ad7fa
mme_djobo_nassara_epse_ouro_bangana,fcfe3bf8-441c-4e33-a5cb-9046e282b32e
m._dobou_kwadzo_sedem,0b3d06f4-17ea-41a7-83b7-6b2ba1dfe72c
m._doe-bruce_adama_koffi,bd0f0b69-d966-49ec-9789-73c28d1bcf00
m._dra_kossi_seveamenou,4c40cf41-3d31-48bf-aa0a-27bb011c2dc6
m._dramani_dama,f1b9a08f-9e19-468e-9fbe-e27ba0f01dd2
m._ewovor_kossi_messan_w.,b6cfbedb-3712-4501-bd67-293a36cd7b82
m._fabre_jean-pierre,47cf2337-79e2-4e20-982e-12d91e75bd05
m._fofana_soffoh,530805ca-f086-49c3-bc42-7fd44affd1ce
m._gagou_kokou,c6147e30-3015-470c-bf2c-65436e513a8a
mme_gnakouafre_a._s._suhn-badu,2dde6827-704d-4055-8f14-03127d3aa105
m._gnatcho_komla_mawuena,5d5f3203-3255-4067-afb6-e8b92b640de8
m._gnongbo_tak_youssif,0248fb7f-f799-4bb8-bfd8-5ffc7a16ac2a
m._gogue_tchaboure,72343d22-5d37-4208-be5f-1c18117d9013
m._hodin_eke_kokou,6ed59da8-b6e4-4cbc-b0da-2b0356cd1636
m._howanou_edoh,41e9bced-d5ea-4d36-a9f0-9604daf430b0
mme_ibrahima_memounatou,c6b3ca74-369f-4f0d-b996-e383fb0d82fd
m._jimongou_sambiani_kpandou,0e0d45d5-d5c0-4e5c-b83c-c1f176d99880
m._jondoh_comlavi_dzigbodi,154d18bb-4496-43f1-bfef-1a2ba5cffe3f
m._kampatibe_nagbandja,e1c8700d-a0cc-4bc4-b8b1-228c2694c565
m._katagna_essodina,cf0cdea2-7102-406a-ad73-3412e1537f73
m._katin_djagre,71848d0b-d804-46f7-b6a6-1989a08336c3
m._kertcho_komina,408d02ef-6c40-4ffd-9e66-bf019f8081ba
m._ketoglo_yao_victor,164dd5d1-cc42-4de1-92d2-f47f75274f53
m._kissi_kofi_hotounou,76a4e5eb-97a6-45b6-855b-cf83e0bd4903
m._koffi_kossiko_kalenyo,15d0cbc9-7e5b-4c1c-bfc7-5d5dd4e9ba96
m._kolani_kombate_douti,a87254d5-c94e-46fc-a199-945b194959cf
mme_kolani_yobate,4bc0beb8-1bfd-4c9f-9a23-fdcedd35a144
m.kossigan_kodjogan_m.,bb67e2c1-97e2-40b2-9efb-8cb5456a11ba
mme_koukpokpa_issolemo_epse_bagna,42efc60a-67a5-4e6d-9959-2eda7cbd1285
m._kpadenou_amoussouvi,f8076dd9-a328-4262-aba2-7dc8226d4817
m._kpatcha_komi,6960079f-2697-4a90-96c7-3c1e0b7c680f
m._kpogo_kodjo,d3f70de4-73d6-4fa0-97f0-70734a4ec7eb
m._kpohou_sim,f0301b4e-dd64-40e1-b729-18b3102f667b
m._labitoko_kadjila,07ad05ae-1284-4da4-a0b2-81821406feba
m._lawson_latevi_calvin_georges,48d96724-0829-462a-a9ff-e52cc9e98b55
m._lawson-banku_boevi_patrick,d021204e-864d-497b-bb51-9df1594d84ba
m._malle_kayaba,6f66a6e2-eeb8-4310-8729-595e76059294
m._nassou_alouadjou_k.,8f5495a4-d4a4-4986-890d-a9e1c9e35fb7
m._nayo_koffi_bessewu,3c0d78f7-2902-44d5-aa0f-63157a341bea
m._nonon_k._diera-bariga,8a9c4083-2194-4499-ab8b-ec8a1cbb8e3e
m._ogblomesse_koku_m.,df6428b6-8787-4e32-a147-88eac720c40a
m._ore_djimon,b1ff66c6-1a6b-4a37-b67f-27c92b52e4d5
m._osseyi_yawovi,7510eec8-6a4d-4215-9fcf-1500678788cc
m._ouro-akpo_tchagnaou,7d3fa5eb-cc83-4d30-b039-687e6b6eb377
m._penn_lare_batouth,af7d2c5f-4301-4938-8371-0cc728c7713a
m._sambiani_yentema_a.,fa1f3b9e-18e4-4da2-b6c2-1db64ba15123
m._sego_etse_franck,a7e6d0df-3b18-4d56-a1e0-d0d129db2060
m._senou_komlan,ea64e669-982e-4aa6-8abf-415179e06171
mme_sewoa_adjoa_m._s.,9b5fde93-d987-4ef4-b343-69f9f4afbc97
m._sogoyou_bekeyi_e.,cc05069b-2742-477b-8c3b-28223fac1893
m._targone_sambiri_n’wakin,c76781cb-b418-40e9-9632-3952fa6532ab
m._tchamon_abalea,ccfb827f-c008-46ac-bc1c-77d57f0ab151
m._tchao_padumhekou,f9dda63b-83d9-465d-bc55-752bb8155c5e
m._tchasse_awedeou,de665b53-e234-48bd-a500-19327fdee320
mme_telou_mila_–_belle,13097aa9-c3c7-4cf5-9185-a17594cde69d
mme_tignokpa_ayawovi_d.,00498db7-0a4b-47b7-ab65-bda13cfd51f7
m._toussa_komi_gameli,12a0cc3c-5de2-42d4-a79c-1dd490d16ff9
mme_tsegan_yawa_djigbodi,2900c960-d7e8-4612-8181-9a4da1014282
m._vodis_yawo,2986fb08-912a-4570-aff3-6ea7e38246f6
m._yakpo_kossi,d32515cb-889c-42c7-9da6-1e098e050e28
m._yentoumi_kodjo_ikpaledou,6099301a-1cf2-4309-aed3-75aa74c7a9cb
mme_amouzou_djake_kossiwa,0ad8a456-ee30-415b-87e1-8c2d6ca441a2
m.bouraima-diabacte_k._hamadou_brim,51dc5fb9-0bd2-423d-aff6-640669111f80
abiguime_petik-abalo,02d71297-bc5d-4e6c-8f1e-04984badb6d7
abolu_yawo_afelete,250eb6b1-39eb-49a2-965d-ea7c0a39cb63
adjamagbo_ayélo_okpé,758d69ac-dc44-41f4-90f8-688beccdbc52
adjor_akofi,2dbf863c-a436-4177-88c0-ec2cfc7ff006
afo_aledjou_mawé,43d5e0eb-122a-4069-82e4-51e2b31293a5
agbo_komlan,ca0b12da-39ed-4ac1-9465-c756befac83c
agbo_kokou,2ddc94a3-cd79-46e9-91ea-bd3f2270a1c7
agbokou_kossiwa_m._f.,26accda8-1050-4313-9bfd-1e5a511f99a3
alonou_kokou,32ae9768-af5a-48bc-b86a-5bd3be29feba
amedjogbe_akossiwa_olivia,00c1944e-8d82-4b33-be9d-60cb7e856a80
ameganvi_m.isabelle_d.,a2da0c21-448d-4802-b289-40a1bb5e5287
amenyo_afi_ntifa,1b82af7c-1ddf-4704-8838-effbf3008f0b
ametodji_yawovi,db1ad00e-c3b1-4da2-8dbd-3b0e171f3bd8
amouzou_djake_kossiwa,03cad1f5-6e3f-44af-883c-9dd2390eb78a
amouzou_kodjovi,0e27f621-d86d-45a2-be2f-ae61f7e988c6
apekey_assewouwokan,a53d4dbc-ec26-4dc7-93c4-2a9fb5080f92
apevon_kokou_dodji,b376689e-d345-479f-a1b6-33f16fbd9af0
apezouke_jean-marie,554ff7b3-6a9b-45ff-819f-f7f0265ef4bb
arzouma_natchadja,e4bee4c8-fb31-4def-9c93-0ed7501129ef
arzouma_pomong_wuinekouma,883bc32f-cd61-44d7-8d35-7c4662db6c76
assouma_derman,28a80afe-3ac3-491b-9484-99b3e98742e4
atakpamey_kodjo,6897c4a2-a915-4f5b-a2ba-072d5d274b95
atchi_n’bouké_yao,4b37c508-9b34-4c49-85a9-5f4d265ece8e
awate_simala,07a588e6-39c4-45cb-ba47-710464761759
bankati_bolagbédé,90b0eb1d-12bf-439c-8607-02e4a5f2c222
baritse_dametoti,986b0551-53bc-49c5-845b-92c752ae7db1
beguem_nakodja,4daf173c-6532-4613-9740-dd09e92c646c
boini_taaka,7b2ac7b3-566d-4186-8040-1bffd9dd82cc
bouraima-diabacte_k._hamadou_brim,33ce6c39-1975-4422-b3e9-a2b4ba491e2b
bouwassi_kédessa_datcha,3e075d4d-6427-4d5e-aef8-2271d4c7aa2e
dagban_ayawavi_djigbodi,dc3b896a-ad5f-4eb3-9397-2390f0be7959
djobo_nassara_epse_ouro_bangana,86916aaa-97d2-4cc9-9f42-dcbe9f08e21d
dobou_kwadzo_sedem,cdcddb9b-97ec-43d4-9f3a-6d80637ae1fa
doe-bruce_adama_koffi,aaca7d21-129b-43dd-be7a-a7fce23fc4f1
dra_kossi_seveamenou,83836c3d-5618-4269-aecb-f34f2ddf74d6
dramani_dama,17aeec6f-c22f-4a32-9467-06e941811b94
ewovor_kossi_messan_w.,a32df9c9-4df8-4726-a8e9-ee7a91e8794c
fabre_jean-pierre,69ee9167-da38-4b74-992e-27640bfc74b7
fofana_soffoh,6e8791cc-28f7-4ad6-b7c9-0e29cad7638b
gagou_kokou,838e0a8d-af7f-4e31-823a-7b24be4058cb
gnakouafre_a._s._suhn-badu,1ec90315-707e-48bf-900d-8e0a7b09dca4
gnatcho_komla_mawuena,77eb0fc1-c848-4683-92f1-ab8ce0d5f1f7
gnongbo_tak_youssif,5fffb4a4-68ac-45a6-9dea-0f2097cbfc36
gogue_tchaboure,71a80037-c2bf-4ad0-a648-1a37b3ca5441
hodin_eke_kokou,04b54f33-b5af-4076-99bf-5ba45b766df9
howanou_edoh,26c5a9c9-5899-4347-ace2-fdd4839f55d9
ibrahima_memounatou,7cd8f0b2-0c1d-4697-8fb4-a160028ec65b
jimongou_sambiani_kpandou,b8b01880-80dc-4e2c-9a6d-7bdfc3b1ba42
jondoh_comlavi_dzigbodi,cd4a0fc1-e34e-4680-b63c-23f620e0b877
kampatibe_nagbandja,7b1b6a96-996e-48dd-acbc-7f9d61d2cd3f
katagna_essodina,445f49d1-0763-4bc8-a45c-a69b8c8223d9
katin_djagre,99b8dac1-b46e-4ebc-b5bb-f33d735e9212
kertcho_komina,4d585cc9-a488-4b21-9aab-d4e9b36e2fd0
ketoglo_yao_victor,2ef62886-1ec7-4256-8fc4-de7242012f90
kissi_kofi_hotounou,250000c3-722a-49dc-8cd0-7ab6bad75fdc
koffi_kossiko_kalenyo,bec4b9be-8af1-400e-a9ef-f2f408d16bea
kolani_yobate,0ed40ee7-5227-4f14-9ae6-2ff2c105cb48
kossigan_kodjogan_m.,3ff7c971-bb53-4eac-98e4-f5c99d2f6d23
koukpokpa_issolemo_epse_bagna,84745bcb-5cc0-445c-b49e-6277e95e8c33
kpadenou_amoussouvi,efc54e18-0332-43c1-95d8-2467bec6a2ae
kpatcha_komi,ee7b1210-c1eb-4994-8db7-2167547bcac3
kpogo_kodjo,7224e68a-137f-4c9a-a194-212764e7dc97
kpohou_sim,ba9b7eb9-6c1d-4cf6-bf05-00214919b416
labitoko_kadjila,a9f5ed45-8aeb-4602-aaac-4f35feeca6a4
lawson_latevi_calvin_georges,c2757d95-71b2-464c-a4bf-3752c692617d
lawson-banku_boevi_patrick,7f72e405-ac0d-4c66-94f7-140304be9e44
malle_kayaba,0f02ded6-a0fd-4e82-a1a3-67924925902d
nassou_alouadjou_k.,b9153a72-1b64-45a9-8348-aff26fa8c9a4
nayo_koffi_bessewu,158d1aa9-e674-427f-8e0f-2377888db4fa
nonon_k._diera-bariga,db358ff0-31af-4e11-a45e-e97e289ad52f
ogblomesse_koku_m.,b2aa5fb7-90bd-4e9c-8d06-063d6ebd614f
ore_djimon,dbac1669-cb27-4cc5-afb9-ffee94f462f7
osseyi_yawovi,66ee9c04-6bf7-4d63-98cd-d09969fd9937
ouro-akpo_tchagnaou,f2574c66-cd03-44d9-a4ce-39777ee6f3c7
penn_lare_batouth,d80fb301-02fc-4fb1-91bf-cf1f1f1852d4
sambiani_yentema_a.,90d95cb9-62f3-4ad8-9bfc-6e5acd12c58d
sego_etse_franck,bee94106-78b0-441a-94b6-672b4fcddb58
senou_komlan,790fe156-7de2-4466-b023-91dd5e38cde5
sewoa_adjoa_m._s.,c1dafbcb-0b6c-4184-a564-081293a15bfc
sogoyou_bekeyi_e.,4591d509-453d-45af-a4df-851dc692c2da
targone_sambiri_n’wakin,88ed9455-c115-4f93-9e5c-ada89173aa87
tchamon_abalea,b41e8bb0-53fa-4e71-846e-6c13cfa36a30
tchao_padumhekou,e6daef6f-b720-48fb-8fac-a243679e29fa
tchasse_awedeou,8eb78c23-f30f-487c-8c75-a5cd8bba856f
telou_mila_–_belle,c91aab93-43ef-47b1-b3f5-54dece4a70ff
tignokpa_ayawovi_d.,ab064683-1f78-4d0a-a649-1160bed5154c
toussa_komi_gameli,2c1b3212-faff-43cf-90f4-dfdcd2f2fabe
tsegan_yawa_djigbodi,aacb260a-c9a7-400f-83bf-e78e24f5e4f3
vodis_yawo,4b3dd1c0-c5a5-440e-8ca2-0cd84ff498a1
yakpo_kossi,e8467e82-8416-401a-bd18-ccd6d06976ef
yentoumi_kodjo_ikpaledou,91a5e4e9-b2bd-4151-b579-d108191331f7
